{
  "convertHtml": {
    "extension": ".html",
    "relativePaths": true,
    "default": null
  },

  "type": "mixture",

  "projectName": "portfolio mobile",
  "projectDescription": "_v-1.0",

  "preprocessorLocations": [ "assets" ],
  "preprocessorScriptOutput": null,
  "preprocessorStyleOutput": null,

  "templateDirectory": "templates",
  "templateDefaultLayout": "mobile",
  "templateDefaultPage": "index",

  "sitemap": true,
  "optimiseImages": true,
  "optimiseSVG": true,

  "debug": false,
  "lintScripts": false,
  "domain": null,
  "followLeader": true,
  "password": null
}